Company Name,Type,Rating,Reviews,Address,Numbers,ClearoutPhone Validation Status,ClearoutPhone Line Type,ClearoutPhone Location
Filters Distributor USA,· Water filter supplier,"5,0",-1,· +1 464-244-4336,+1 464-244-4337,Valid,fixed_line_or_mobile,Illinois
"Chardon Laboratories, Inc.",· Water purification company,,,· +1 380-224-7395,+1 380-224-7396,Valid,fixed_line_or_mobile,Ohio
Yellow Duck Water Solutions,· Water softening equipment supplier,"5,0",-12,"Holland, MI, United States",+1 616-276-3450,Valid,fixed_line_or_mobile,Michigan
Wil-Do Home Inspections,· Home inspector,"5,0",-54,"Traverse City, MI, United States",+1 231-944-2150,Valid,mobile,Traverse City; MI
Steve's Waterworks Plumbing,· Plumber,"4,7",-487,"Waterford Township, MI, United States",+1 248-767-4833,Valid,mobile,Michigan
Masterflow Plumbing Services,· Plumber,"5,0",-56,"Brighton, MI, United States",+1 810-577-7036,Valid,mobile,Michigan
Pipe Monster Plumbing,· Plumber,"5,0",-107,"Holland, MI, United States",+1 616-836-3100,Valid,mobile,Holland; MI
Byron Plumbing & Water Treatment LLC,· Plumber,"4,5",-15,· +1 810-343-3591,+1 810-343-3592,Valid,mobile,Michigan
"Great Lakes Plumbing Services, LLC",· Plumber,"4,8",-288,"Holland, MI, United States",+1 616-218-2529,Valid,mobile,Michigan
Ecosmarte of Michigan,· Water filter supplier,"5,0",-3,· +1 616-834-2127,+1 616-834-2128,Valid,mobile,Michigan
BrayCo Solutions,· Water filter supplier,,,"Canton Township, MI, United States",+1 734-657-2354,Valid,mobile,Michigan
12 Bravo Water,· Water filter supplier,,,,+1 810-479-2224,Valid,mobile,Michigan
Sykes Water Solutions,· Water filter supplier,"4,0",-4,· +1 226-626-7931,+1 226-626-7932,Valid,mobile,Ontario
KnappRO Chicago,· Water filter supplier,,,,+1 312-730-6258,Valid,mobile,Chicago; IL
Amanda Crowell | Holistic Health,· Water filter supplier,,,,+1 269-823-2434,Valid,mobile,Michigan
Hydronize,· Water filter supplier,,,· +1 810-569-3874,+1 810-569-3875,Valid,mobile,Michigan
24/7 Well & Pump Service LLC,· Water pump supplier,"5,0",-6,· +1 920-604-2407,+1 920-604-2408,Valid,mobile,Wisconsin
Fremont Pump,· Water pump supplier,,,· +1 269-317-9745,+1 269-317-9746,Valid,mobile,Michigan
Great Lakes H2 Water Therapy,· Water purification company,"5,0",-3,"Monroe, MI, United States",+1 734-790-5554,Valid,mobile,Michigan
Triton water conditioning,· Water purification company,"5,0",-2,· +1 248-820-7190,+1 248-820-7191,Valid,mobile,Michigan
Pure Way of Caledonia,· Water purification company,,,· +1 616-293-5650,+1 616-293-5651,Valid,mobile,Michigan
Kangen Water of Michigan,· Water purification company,,,· +1 248-561-0673,+1 248-561-0674,Valid,mobile,Michigan
Kangen Water Windsor -Essex,· Water purification company,"5,0",-4,· +1 226-246-6076,+1 226-246-6077,Valid,mobile,Ontario
Meihls Water Systems,· Water purification company,,,· +1 989-233-9829,+1 989-233-9830,Valid,mobile,Michigan
Auro Liquid Gold,· Water purification company,"5,0",-1,· +1 419-410-9302,+1 419-410-9303,Valid,mobile,Ohio
AirWater – Menz Group Inc.,· Water purification company,,,· +1 608-843-3333,+1 608-843-3334,Valid,mobile,Wisconsin
Pure-Water.ca,· Water purification company,,,· +1 226-280-1278,+1 226-280-1279,Valid,mobile,Ontario
Michigan Water Systems,· Water softening equipment supplier,"4,9",-123,"Mt Pleasant, MI, United States",+1 989-763-9131,Valid,mobile,Michigan
Water Wizard,· Water softening equipment supplier,"5,0",-17,"Hudsonville, MI, United States",+1 616-262-4486,Valid,mobile,Michigan
West Michigan Water Treatment LLC,· Water softening equipment supplier,"5,0",-2,· +1 616-263-0744,+1 616-263-0745,Valid,mobile,Michigan
Crystal Clear Water Treatment,· Water softening equipment supplier,"4,8",-11,"Kalamazoo, MI, United States",+1 269-377-1783,Valid,mobile,Michigan
"Tri-County Discount Water Treatment Experts, Inc.",· Water softening equipment supplier,"5,0",-44,· +1 815-375-8274,+1 815-375-8275,Valid,mobile,Illinois
H2O Pros Water Treatment,· Water softening equipment supplier,"5,0",-5,"Battle Creek, MI, United States",+1 269-832-6182,Valid,mobile,Michigan
"Fred Latz Water Conditioning, LLC",· Water softening equipment supplier,"5,0",-4,· +1 419-350-5411,+1 419-350-5412,Valid,mobile,Ohio
Wisco Water Solutions LLC,· Water softening equipment supplier,"5,0",-7,· +1 608-774-0013,+1 608-774-0014,Valid,mobile,Wisconsin
Ayers Water Systems,· Water softening equipment supplier,"4,9",-144,1990 Teggerdine Rd,+1 248-891-0378,Valid,mobile,Michigan
"Clear Water Solutions, Inc.",· Water softening equipment supplier,"4,6",-10,"Coopersville, MI, United States",+1 616-318-7729,Valid,mobile,Michigan
Dryden Water,· Water softening equipment supplier,"5,0",-7,"Metamora, MI, United States",+1 810-441-2718,Valid,mobile,Michigan
Highflow Water Systems,· Water softening equipment supplier,"4,6",-10,· +1 734-646-6161,+1 734-646-6162,Valid,mobile,Michigan
Water Services - Well and Pump Service,· Water softening equipment supplier,"5,0",-1,· +1 734-320-7771,+1 734-320-7772,Valid,mobile,Michigan
Aqua Pure Technology,· Water softening equipment supplier,"5,0",-2,"Alpena, MI, United States",+1 989-657-6634,Valid,mobile,Michigan
Simple Water Service,· Water softening equipment supplier,"5,0",-319,"West Palm Beach, FL, United States",+1 561-309-6270,Valid,mobile,Florida
R&D solutions,· Water softening equipment supplier,"5,0",-1,· +1 810-341-4754,+1 810-341-4755,Valid,mobile,Michigan
Hambly Water Conditioning,· Water softening equipment supplier,,,· +1 616-240-0025,+1 616-240-0026,Valid,mobile,Grand Rapids; MI
Eding Plumbing & Water Treatment,· Water softening equipment supplier,"5,0",-31,· +1 616-836-1692,+1 616-836-1693,Valid,mobile,Holland; MI
Dietz Plumbing Services LLC,· Water softening equipment supplier,"5,0",-249,· +1 989-506-8112,+1 989-506-8113,Valid,mobile,Michigan
American H2O,· Water softening equipment supplier,"5,0",-90,"Lakeland, MI, United States",+1 810-923-5923,Valid,mobile,Michigan
Atlas Water Solutions,· Water softening equipment supplier,"5,0",-8,· +1 734-891-2361,+1 734-891-2362,Valid,mobile,Michigan
Tolene Soft Water and Water Treatment,· Water softening equipment supplier,"5,0",-6,"Durand, MI, United States",+1 810-513-1564,Valid,mobile,Michigan
OML Analytical,· Water testing service,"5,0",-3,"Rockford, MI, United States",+1 616-295-4558,Valid,mobile,Michigan
Backflow Squad,· Water testing service,"5,0",-55,· +1 630-397-9909,+1 630-397-9910,Valid,mobile,Illinois
Michigan Water Testing Pros,· Water testing service,,,· +1 470-526-2222,+1 470-526-2223,Valid,mobile,Georgia
Cameron Inspcetion Services (C.I.S.) L.L.C.,· Water testing service,"5,0",-1,,+1 810-650-7932,Valid,mobile,Michigan
Safe Water Testing,· Water testing service,,,· +1 574-299-6962,+1 574-299-6963,Valid,mobile,South Bend; IN
Aquatics&Exotics,· Water testing service,,,· +1 219-728-9912,+1 219-728-9913,Valid,mobile,Indiana
Northern Chlorinating,· Water testing service,"5,0",-3,· +1 630-330-6387,+1 630-330-6388,Valid,mobile,Illinois
Dentler Environmental Inspections LLC,· Water testing service,"5,0",-8,· +1 269-355-2188,+1 269-355-2189,Valid,mobile,Michigan
"Water Diagnostics Labs, LLC.",· Water testing service,,,· +1 414-350-1100,+1 414-350-1101,Valid,mobile,Milwaukee; WI
Water Boy Systems,· Water treatment supplier,"4,8",-61,"Ida, MI, United States",+1 734-371-2028,Valid,mobile,Michigan
Prestige Water Treatment,· Water treatment supplier,"5,0",-12,· +1 616-741-6237,+1 616-741-6238,Valid,mobile,Michigan
Mission Water Treatment TC,· Water treatment supplier,"5,0",-5,· +1 231-645-9027,+1 231-645-9028,Valid,mobile,Michigan
Calloused Hands Water Treatment & Plumbing Service,· Water treatment supplier,"5,0",-144,,+1 810-835-6070,Valid,mobile,Michigan
Aquarius Well Service,· Well drilling contractor,"4,8",-22,· +1 989-418-9476,+1 989-418-9477,Valid,mobile,Michigan
"Bell Well Drilling, LLC",· Well drilling contractor,"4,4",-43,"Sparta, MI, United States",+1 616-889-4748,Valid,mobile,Michigan
J&B Water Well Drilling,· Well drilling contractor,"3,0",-6,· +1 231-676-8141,+1 231-676-8142,Valid,mobile,Michigan
Maglothin Well and Water Treatment LLC,· Well drilling contractor,"4,9",-111,"Waterford Township, MI, United States",+1 248-974-4026,Valid,mobile,Michigan
Kimmer Well Systems & Repair,· Well drilling contractor,"5,0",-28,"Flint, MI, United States",+1 810-614-3320,Valid,mobile,Michigan
